district_code,crop,season,mean_area_ha,years,source,as_of
UP-aligarh,bajra,kharif,77412,2022-2023..2024-2025,DES APY via UPAG,2026-10-08
UP-aligarh,bajra,zaid,17944,2024-2025..2024-2025,DES APY via UPAG,2026-10-08
UP-aligarh,barley,rabi,7286,2022-2023..2024-2025,DES APY via UPAG,2026-10-08
UP-aligarh,blackgram,kharif,585,2022-2023..2024-2025,DES APY via UPAG,2026-10-08
UP-aligarh,blackgram,zaid,200,2022-2023..2024-2025,DES APY via UPAG,2026-10-08
UP-aligarh,lentil,rabi,1324,2020-2021..2022-2023,DES APY district series,2026-10-08
UP-aligarh,maize,kharif,16935,2022-2023..2024-2025,DES APY via UPAG,2026-10-08
UP-aligarh,maize,rabi,355,2020-2021..2023-2024,DES APY via UPAG,2026-10-08
UP-aligarh,maize,zaid,5866,2022-2023..2024-2025,DES APY via UPAG,2026-10-08
UP-aligarh,mungbean,kharif,428,2022-2023..2024-2025,DES APY via UPAG,2026-10-08
UP-aligarh,mungbean,zaid,14859,2022-2023..2024-2025,DES APY via UPAG,2026-10-08
UP-aligarh,mustard,rabi,76716,2022-2023..2024-2025,DES APY via UPAG,2026-10-08
UP-aligarh,paddy,kharif,120462,2022-2023..2024-2025,DES APY via UPAG,2026-10-08
UP-aligarh,paddy,zaid,545,2019-2020..2023-2024,DES APY district series; DES APY via UPAG,2026-10-08
UP-aligarh,pigeonpeas,kharif,9585,2020-2021..2022-2023,DES APY district series,2026-10-08
UP-aligarh,potato,rabi,27566,2020-2021..2022-2023,DES APY district series,2026-10-08
UP-aligarh,sugarcane,kharif,4677,2022-2023..2024-2025,DES APY via UPAG,2026-10-08
UP-aligarh,wheat,rabi,186655,2022-2023..2024-2025,DES APY via UPAG,2026-10-08
UP-bulandshahr,bajra,kharif,13429,2022-2023..2024-2025,DES APY via UPAG,2026-10-08
UP-bulandshahr,barley,rabi,8562,2022-2023..2024-2025,DES APY via UPAG,2026-10-08
UP-bulandshahr,blackgram,kharif,2185,2022-2023..2024-2025,DES APY via UPAG,2026-10-08
UP-bulandshahr,blackgram,zaid,713,2022-2023..2024-2025,DES APY via UPAG,2026-10-08
UP-bulandshahr,lentil,rabi,1331,2020-2021..2022-2023,DES APY district series,2026-10-08
UP-bulandshahr,maize,kharif,41040,2022-2023..2024-2025,DES APY via UPAG,2026-10-08
UP-bulandshahr,maize,rabi,668,2021-2022..2024-2025,DES APY via UPAG,2026-10-08
UP-bulandshahr,maize,zaid,12841,2022-2023..2024-2025,DES APY via UPAG,2026-10-08
UP-bulandshahr,mungbean,kharif,732,2022-2023..2024-2025,DES APY via UPAG,2026-10-08
UP-bulandshahr,mungbean,zaid,2267,2022-2023..2024-2025,DES APY via UPAG,2026-10-08
UP-bulandshahr,mustard,rabi,21010,2022-2023..2024-2025,DES APY via UPAG,2026-10-08
UP-bulandshahr,paddy,kharif,107871,2022-2023..2024-2025,DES APY via UPAG,2026-10-08
UP-bulandshahr,paddy,zaid,1020,2022-2023..2024-2025,DES APY via UPAG,2026-10-08
UP-bulandshahr,pigeonpeas,kharif,8756,2020-2021..2022-2023,DES APY district series,2026-10-08
UP-bulandshahr,potato,rabi,9511,2020-2021..2022-2023,DES APY district series,2026-10-08
UP-bulandshahr,sugarcane,kharif,71854,2022-2023..2024-2025,DES APY via UPAG,2026-10-08
UP-bulandshahr,wheat,rabi,182207,2022-2023..2024-2025,DES APY via UPAG,2026-10-08
UP-gautam-buddh-nagar,bajra,kharif,2860,2022-2023..2024-2025,DES APY via UPAG,2026-10-08
UP-gautam-buddh-nagar,barley,rabi,1417,2022-2023..2024-2025,DES APY via UPAG,2026-10-08
UP-gautam-buddh-nagar,maize,kharif,658,2022-2023..2024-2025,DES APY via UPAG,2026-10-08
UP-gautam-buddh-nagar,maize,zaid,161,1997-1998..2024-2025,DES APY district series; DES APY via UPAG,2026-10-08
UP-gautam-buddh-nagar,mungbean,zaid,453,2022-2023..2024-2025,DES APY via UPAG,2026-10-08
UP-gautam-buddh-nagar,mustard,rabi,795,2022-2023..2024-2025,DES APY via UPAG,2026-10-08
UP-gautam-buddh-nagar,paddy,kharif,20665,2022-2023..2024-2025,DES APY via UPAG,2026-10-08
UP-gautam-buddh-nagar,paddy,zaid,112,2019-2020..2024-2025,DES APY via UPAG,2026-10-08
UP-gautam-buddh-nagar,pigeonpeas,kharif,1917,2020-2021..2022-2023,DES APY district series,2026-10-08
UP-gautam-buddh-nagar,potato,rabi,494,2020-2021..2022-2023,DES APY district series,2026-10-08
UP-gautam-buddh-nagar,sugarcane,kharif,1946,2017-2018..2019-2020,DES APY via UPAG,2026-10-08
UP-gautam-buddh-nagar,wheat,rabi,42513,2022-2023..2024-2025,DES APY via UPAG,2026-10-08
UP-ghaziabad,bajra,kharif,345,2022-2023..2024-2025,DES APY via UPAG,2026-10-08
UP-ghaziabad,maize,zaid,154,2020-2021..2024-2025,DES APY via UPAG,2026-10-08
UP-ghaziabad,mungbean,zaid,196,2020-2021..2024-2025,DES APY via UPAG,2026-10-08
UP-ghaziabad,mustard,rabi,1624,2022-2023..2024-2025,DES APY via UPAG,2026-10-08
UP-ghaziabad,paddy,kharif,7537,2022-2023..2024-2025,DES APY via UPAG,2026-10-08
UP-ghaziabad,pigeonpeas,kharif,776,2020-2021..2022-2023,DES APY district series,2026-10-08
UP-ghaziabad,potato,rabi,631,2020-2021..2022-2023,DES APY district series,2026-10-08
UP-ghaziabad,sugarcane,kharif,22288,2022-2023..2024-2025,DES APY via UPAG,2026-10-08
UP-ghaziabad,wheat,rabi,26232,2022-2023..2024-2025,DES APY via UPAG,2026-10-08
UP-hapur,barley,rabi,488,2022-2023..2024-2025,DES APY via UPAG,2026-10-08
UP-hapur,blackgram,kharif,944,2022-2023..2024-2025,DES APY via UPAG,2026-10-08
UP-hapur,blackgram,zaid,109,2021-2022..2023-2024,DES APY via UPAG,2026-10-08
UP-hapur,lentil,rabi,297,2020-2021..2022-2023,DES APY district series,2026-10-08
UP-hapur,maize,kharif,1535,2022-2023..2024-2025,DES APY via UPAG,2026-10-08
UP-hapur,maize,zaid,181,2022-2023..2024-2025,DES APY via UPAG,2026-10-08
UP-hapur,mungbean,zaid,326,2022-2023..2024-2025,DES APY via UPAG,2026-10-08
UP-hapur,mustard,rabi,2978,2022-2023..2024-2025,DES APY via UPAG,2026-10-08
UP-hapur,paddy,kharif,19640,2022-2023..2024-2025,DES APY via UPAG,2026-10-08
UP-hapur,paddy,zaid,141,2019-2020..2024-2025,DES APY via UPAG,2026-10-08
UP-hapur,pigeonpeas,kharif,1148,2020-2021..2022-2023,DES APY district series,2026-10-08
UP-hapur,potato,rabi,4220,2020-2021..2022-2023,DES APY district series,2026-10-08
UP-hapur,sugarcane,kharif,37493,2022-2023..2024-2025,DES APY via UPAG,2026-10-08
UP-hapur,wheat,rabi,38524,2022-2023..2024-2025,DES APY via UPAG,2026-10-08
