district_code,crop,season,yield_qtl_acre_low,yield_qtl_acre_median,yield_qtl_acre_high,yield_years,yield_source,cost_a2fl_inr_acre,cost_c2_inr_acre,cost_year,cost_source,water_mm_low,water_mm_high,water_need,water_source,verified,as_of,notes
UP-aligarh,bajra,kharif,8.4,9.7,10.6,2020-2021..2024-2025,DES APY via UPAG,12513,17679,2021-22,"DES Cost of Cultivation Scheme, Uttar Pradesh (state average)",,,,,false,2026-10-08,TODO: water need not sourced
UP-aligarh,bajra,zaid,5.8,5.8,5.8,2024-2025..2024-2025,DES APY via UPAG,12513,17679,2021-22,"DES Cost of Cultivation Scheme, Uttar Pradesh (state average)",,,,,false,2026-10-08,TODO: water need not sourced
UP-aligarh,barley,rabi,12.1,14.0,15.3,2020-2021..2024-2025,DES APY via UPAG,17662,28119,2021-22,"DES Cost of Cultivation Scheme, Uttar Pradesh (state average)",450,650,medium,"FAO Irrigation Water Management Training Manual No. 3, Table 14",false,2026-10-08,
UP-aligarh,blackgram,kharif,2.0,2.3,2.5,2020-2021..2024-2025,DES APY via UPAG,7804,11193,2021-22,"DES Cost of Cultivation Scheme, Uttar Pradesh (state average)",,,,,false,2026-10-08,TODO: water need not sourced
UP-aligarh,blackgram,zaid,3.6,4.1,4.7,2020-2021..2024-2025,DES APY via UPAG,7804,11193,2021-22,"DES Cost of Cultivation Scheme, Uttar Pradesh (state average)",,,,,false,2026-10-08,TODO: water need not sourced
UP-aligarh,lentil,rabi,2.8,3.1,4.5,2018-2019..2022-2023,DES APY district series,10343,18181,2021-22,"DES Cost of Cultivation Scheme, Uttar Pradesh (state average)",,,,,false,2026-10-08,TODO: water need not sourced
UP-aligarh,maize,kharif,9.4,9.9,10.0,2020-2021..2024-2025,DES APY via UPAG,16000,22012,2021-22,"DES Cost of Cultivation Scheme, Uttar Pradesh (state average)",500,800,medium,"FAO Irrigation Water Management Training Manual No. 3, Table 14",false,2026-10-08,
UP-aligarh,maize,rabi,8.9,11.6,12.1,2015-2016..2023-2024,DES APY via UPAG,16000,22012,2021-22,"DES Cost of Cultivation Scheme, Uttar Pradesh (state average)",500,800,medium,"FAO Irrigation Water Management Training Manual No. 3, Table 14",false,2026-10-08,
UP-aligarh,maize,zaid,12.7,14.1,17.1,2020-2021..2024-2025,DES APY via UPAG,16000,22012,2021-22,"DES Cost of Cultivation Scheme, Uttar Pradesh (state average)",500,800,medium,"FAO Irrigation Water Management Training Manual No. 3, Table 14",false,2026-10-08,
UP-aligarh,mungbean,kharif,1.5,1.6,1.6,2020-2021..2024-2025,DES APY via UPAG,11308,13767,2021-22,"DES Cost of Cultivation Scheme, Uttar Pradesh (state average)",,,,,false,2026-10-08,TODO: water need not sourced
UP-aligarh,mungbean,zaid,2.8,3.0,3.1,2020-2021..2024-2025,DES APY via UPAG,11308,13767,2021-22,"DES Cost of Cultivation Scheme, Uttar Pradesh (state average)",,,,,false,2026-10-08,TODO: water need not sourced
UP-aligarh,mustard,rabi,6.4,7.6,7.9,2020-2021..2024-2025,DES APY via UPAG,15591,26691,2021-22,"DES Cost of Cultivation Scheme, Uttar Pradesh (state average)",327,364,low,"MAUSAM (IMD) lysimeter study, consumptive use of mustard at 100% PET, CAZRI Jodhpur 1986-88",false,2026-10-08,
UP-aligarh,paddy,kharif,10.1,10.4,10.7,2020-2021..2024-2025,DES APY via UPAG,22585,30213,2021-22,"DES Cost of Cultivation Scheme, Uttar Pradesh (state average)",450,700,high,"FAO Irrigation Water Management Training Manual No. 3, Table 14; section 4.4 (paddy also needs ~200 mm to saturate soil, ~100 mm water layer, 4-8 mm/day percolation)",false,2026-10-08,
UP-aligarh,paddy,zaid,8.1,12.2,14.1,2003-2004..2023-2024,DES APY district series; DES APY via UPAG,22585,30213,2021-22,"DES Cost of Cultivation Scheme, Uttar Pradesh (state average)",450,700,high,"FAO Irrigation Water Management Training Manual No. 3, Table 14; section 4.4 (paddy also needs ~200 mm to saturate soil, ~100 mm water layer, 4-8 mm/day percolation)",false,2026-10-08,
UP-aligarh,pigeonpeas,kharif,2.5,2.5,2.9,2018-2019..2022-2023,DES APY district series,15765,28456,2021-22,"DES Cost of Cultivation Scheme, Uttar Pradesh (state average)",,,,,false,2026-10-08,TODO: water need not sourced
UP-aligarh,potato,rabi,116.5,148.1,162.6,2018-2019..2022-2023,DES APY district series,50444,66613,2021-22,"DES Cost of Cultivation Scheme, Uttar Pradesh (state average)",500,700,medium,"FAO Irrigation Water Management Training Manual No. 3, Table 14",false,2026-10-08,
UP-aligarh,sugarcane,kharif,324.6,335.4,336.8,2020-2021..2024-2025,DES APY via UPAG,40051,66424,2021-22,"DES Cost of Cultivation Scheme, Uttar Pradesh (state average)",1500,2500,high,"FAO Irrigation Water Management Training Manual No. 3, Table 14",false,2026-10-08,
UP-aligarh,wheat,rabi,15.2,16.9,17.0,2020-2021..2024-2025,DES APY via UPAG,19880,30736,2021-22,"DES Cost of Cultivation Scheme, Uttar Pradesh (state average)",450,650,medium,"FAO Irrigation Water Management Training Manual No. 3, Table 14",false,2026-10-08,
UP-bulandshahr,bajra,kharif,6.9,7.8,9.1,2020-2021..2024-2025,DES APY via UPAG,12513,17679,2021-22,"DES Cost of Cultivation Scheme, Uttar Pradesh (state average)",,,,,false,2026-10-08,TODO: water need not sourced
UP-bulandshahr,barley,rabi,11.2,13.2,16.2,2020-2021..2024-2025,DES APY via UPAG,17662,28119,2021-22,"DES Cost of Cultivation Scheme, Uttar Pradesh (state average)",450,650,medium,"FAO Irrigation Water Management Training Manual No. 3, Table 14",false,2026-10-08,
UP-bulandshahr,blackgram,kharif,3.5,4.2,5.3,2020-2021..2024-2025,DES APY via UPAG,7804,11193,2021-22,"DES Cost of Cultivation Scheme, Uttar Pradesh (state average)",,,,,false,2026-10-08,TODO: water need not sourced
UP-bulandshahr,blackgram,zaid,3.0,3.6,4.1,2020-2021..2024-2025,DES APY via UPAG,7804,11193,2021-22,"DES Cost of Cultivation Scheme, Uttar Pradesh (state average)",,,,,false,2026-10-08,TODO: water need not sourced
UP-bulandshahr,lentil,rabi,3.8,4.0,4.2,2018-2019..2022-2023,DES APY district series,10343,18181,2021-22,"DES Cost of Cultivation Scheme, Uttar Pradesh (state average)",,,,,false,2026-10-08,TODO: water need not sourced
UP-bulandshahr,maize,kharif,8.6,9.9,10.6,2020-2021..2024-2025,DES APY via UPAG,16000,22012,2021-22,"DES Cost of Cultivation Scheme, Uttar Pradesh (state average)",500,800,medium,"FAO Irrigation Water Management Training Manual No. 3, Table 14",false,2026-10-08,
UP-bulandshahr,maize,rabi,11.4,11.6,11.7,2016-2017..2024-2025,DES APY via UPAG,16000,22012,2021-22,"DES Cost of Cultivation Scheme, Uttar Pradesh (state average)",500,800,medium,"FAO Irrigation Water Management Training Manual No. 3, Table 14",false,2026-10-08,
UP-bulandshahr,maize,zaid,2.4,11.7,14.1,2020-2021..2024-2025,DES APY via UPAG,16000,22012,2021-22,"DES Cost of Cultivation Scheme, Uttar Pradesh (state average)",500,800,medium,"FAO Irrigation Water Management Training Manual No. 3, Table 14",false,2026-10-08,
UP-bulandshahr,mungbean,kharif,1.5,1.6,5.7,2020-2021..2024-2025,DES APY via UPAG,11308,13767,2021-22,"DES Cost of Cultivation Scheme, Uttar Pradesh (state average)",,,,,false,2026-10-08,TODO: water need not sourced
UP-bulandshahr,mungbean,zaid,2.9,3.8,5.1,2020-2021..2024-2025,DES APY via UPAG,11308,13767,2021-22,"DES Cost of Cultivation Scheme, Uttar Pradesh (state average)",,,,,false,2026-10-08,TODO: water need not sourced
UP-bulandshahr,mustard,rabi,6.0,6.1,7.0,2020-2021..2024-2025,DES APY via UPAG,15591,26691,2021-22,"DES Cost of Cultivation Scheme, Uttar Pradesh (state average)",327,364,low,"MAUSAM (IMD) lysimeter study, consumptive use of mustard at 100% PET, CAZRI Jodhpur 1986-88",false,2026-10-08,
UP-bulandshahr,paddy,kharif,9.9,11.1,11.5,2020-2021..2024-2025,DES APY via UPAG,22585,30213,2021-22,"DES Cost of Cultivation Scheme, Uttar Pradesh (state average)",450,700,high,"FAO Irrigation Water Management Training Manual No. 3, Table 14; section 4.4 (paddy also needs ~200 mm to saturate soil, ~100 mm water layer, 4-8 mm/day percolation)",false,2026-10-08,
UP-bulandshahr,paddy,zaid,12.4,13.9,14.1,2020-2021..2024-2025,DES APY via UPAG,22585,30213,2021-22,"DES Cost of Cultivation Scheme, Uttar Pradesh (state average)",450,700,high,"FAO Irrigation Water Management Training Manual No. 3, Table 14; section 4.4 (paddy also needs ~200 mm to saturate soil, ~100 mm water layer, 4-8 mm/day percolation)",false,2026-10-08,
UP-bulandshahr,pigeonpeas,kharif,2.9,3.4,5.1,2018-2019..2022-2023,DES APY district series,15765,28456,2021-22,"DES Cost of Cultivation Scheme, Uttar Pradesh (state average)",,,,,false,2026-10-08,TODO: water need not sourced
UP-bulandshahr,potato,rabi,110.6,128.7,129.5,2018-2019..2022-2023,DES APY district series,50444,66613,2021-22,"DES Cost of Cultivation Scheme, Uttar Pradesh (state average)",500,700,medium,"FAO Irrigation Water Management Training Manual No. 3, Table 14",false,2026-10-08,
UP-bulandshahr,sugarcane,kharif,353.3,358.0,365.6,2020-2021..2024-2025,DES APY via UPAG,40051,66424,2021-22,"DES Cost of Cultivation Scheme, Uttar Pradesh (state average)",1500,2500,high,"FAO Irrigation Water Management Training Manual No. 3, Table 14",false,2026-10-08,
UP-bulandshahr,wheat,rabi,16.0,17.5,18.0,2020-2021..2024-2025,DES APY via UPAG,19880,30736,2021-22,"DES Cost of Cultivation Scheme, Uttar Pradesh (state average)",450,650,medium,"FAO Irrigation Water Management Training Manual No. 3, Table 14",false,2026-10-08,
UP-gautam-buddh-nagar,bajra,kharif,4.8,5.8,7.2,2020-2021..2024-2025,DES APY via UPAG,12513,17679,2021-22,"DES Cost of Cultivation Scheme, Uttar Pradesh (state average)",,,,,false,2026-10-08,TODO: water need not sourced
UP-gautam-buddh-nagar,barley,rabi,11.2,13.2,16.2,2020-2021..2024-2025,DES APY via UPAG,17662,28119,2021-22,"DES Cost of Cultivation Scheme, Uttar Pradesh (state average)",450,650,medium,"FAO Irrigation Water Management Training Manual No. 3, Table 14",false,2026-10-08,
UP-gautam-buddh-nagar,maize,kharif,8.6,9.9,10.6,2020-2021..2024-2025,DES APY via UPAG,16000,22012,2021-22,"DES Cost of Cultivation Scheme, Uttar Pradesh (state average)",500,800,medium,"FAO Irrigation Water Management Training Manual No. 3, Table 14",false,2026-10-08,
UP-gautam-buddh-nagar,maize,zaid,4.0,6.1,14.1,1997-1998..2024-2025,DES APY district series; DES APY via UPAG,16000,22012,2021-22,"DES Cost of Cultivation Scheme, Uttar Pradesh (state average)",500,800,medium,"FAO Irrigation Water Management Training Manual No. 3, Table 14",false,2026-10-08,
UP-gautam-buddh-nagar,mungbean,zaid,3.0,3.7,3.8,2020-2021..2024-2025,DES APY via UPAG,11308,13767,2021-22,"DES Cost of Cultivation Scheme, Uttar Pradesh (state average)",,,,,false,2026-10-08,TODO: water need not sourced
UP-gautam-buddh-nagar,mustard,rabi,6.1,6.5,6.6,2020-2021..2024-2025,DES APY via UPAG,15591,26691,2021-22,"DES Cost of Cultivation Scheme, Uttar Pradesh (state average)",327,364,low,"MAUSAM (IMD) lysimeter study, consumptive use of mustard at 100% PET, CAZRI Jodhpur 1986-88",false,2026-10-08,
UP-gautam-buddh-nagar,paddy,kharif,8.9,11.3,11.6,2020-2021..2024-2025,DES APY via UPAG,22585,30213,2021-22,"DES Cost of Cultivation Scheme, Uttar Pradesh (state average)",450,700,high,"FAO Irrigation Water Management Training Manual No. 3, Table 14; section 4.4 (paddy also needs ~200 mm to saturate soil, ~100 mm water layer, 4-8 mm/day percolation)",false,2026-10-08,
UP-gautam-buddh-nagar,paddy,zaid,11.8,12.1,12.4,2019-2020..2024-2025,DES APY via UPAG,22585,30213,2021-22,"DES Cost of Cultivation Scheme, Uttar Pradesh (state average)",450,700,high,"FAO Irrigation Water Management Training Manual No. 3, Table 14; section 4.4 (paddy also needs ~200 mm to saturate soil, ~100 mm water layer, 4-8 mm/day percolation)",false,2026-10-08,
UP-gautam-buddh-nagar,pigeonpeas,kharif,2.9,3.6,5.1,2018-2019..2022-2023,DES APY district series,15765,28456,2021-22,"DES Cost of Cultivation Scheme, Uttar Pradesh (state average)",,,,,false,2026-10-08,TODO: water need not sourced
UP-gautam-buddh-nagar,potato,rabi,108.9,117.0,133.6,2018-2019..2022-2023,DES APY district series,50444,66613,2021-22,"DES Cost of Cultivation Scheme, Uttar Pradesh (state average)",500,700,medium,"FAO Irrigation Water Management Training Manual No. 3, Table 14",false,2026-10-08,
UP-gautam-buddh-nagar,sugarcane,kharif,304.1,356.5,361.0,2015-2016..2019-2020,DES APY via UPAG,40051,66424,2021-22,"DES Cost of Cultivation Scheme, Uttar Pradesh (state average)",1500,2500,high,"FAO Irrigation Water Management Training Manual No. 3, Table 14",false,2026-10-08,
UP-gautam-buddh-nagar,wheat,rabi,15.6,16.3,16.9,2020-2021..2024-2025,DES APY via UPAG,19880,30736,2021-22,"DES Cost of Cultivation Scheme, Uttar Pradesh (state average)",450,650,medium,"FAO Irrigation Water Management Training Manual No. 3, Table 14",false,2026-10-08,
UP-ghaziabad,bajra,kharif,6.5,7.5,8.8,2019-2020..2024-2025,DES APY via UPAG,12513,17679,2021-22,"DES Cost of Cultivation Scheme, Uttar Pradesh (state average)",,,,,false,2026-10-08,TODO: water need not sourced
UP-ghaziabad,maize,zaid,7.5,10.1,14.1,2015-2016..2024-2025,DES APY via UPAG,16000,22012,2021-22,"DES Cost of Cultivation Scheme, Uttar Pradesh (state average)",500,800,medium,"FAO Irrigation Water Management Training Manual No. 3, Table 14",false,2026-10-08,
UP-ghaziabad,mungbean,zaid,2.8,3.5,4.7,2015-2016..2024-2025,DES APY via UPAG,11308,13767,2021-22,"DES Cost of Cultivation Scheme, Uttar Pradesh (state average)",,,,,false,2026-10-08,TODO: water need not sourced
UP-ghaziabad,mustard,rabi,4.6,5.5,7.1,2020-2021..2024-2025,DES APY via UPAG,15591,26691,2021-22,"DES Cost of Cultivation Scheme, Uttar Pradesh (state average)",327,364,low,"MAUSAM (IMD) lysimeter study, consumptive use of mustard at 100% PET, CAZRI Jodhpur 1986-88",false,2026-10-08,
UP-ghaziabad,paddy,kharif,10.1,10.9,11.8,2020-2021..2024-2025,DES APY via UPAG,22585,30213,2021-22,"DES Cost of Cultivation Scheme, Uttar Pradesh (state average)",450,700,high,"FAO Irrigation Water Management Training Manual No. 3, Table 14; section 4.4 (paddy also needs ~200 mm to saturate soil, ~100 mm water layer, 4-8 mm/day percolation)",false,2026-10-08,
UP-ghaziabad,pigeonpeas,kharif,2.9,3.6,5.1,2018-2019..2022-2023,DES APY district series,15765,28456,2021-22,"DES Cost of Cultivation Scheme, Uttar Pradesh (state average)",,,,,false,2026-10-08,TODO: water need not sourced
UP-ghaziabad,potato,rabi,111.7,117.1,133.6,2018-2019..2022-2023,DES APY district series,50444,66613,2021-22,"DES Cost of Cultivation Scheme, Uttar Pradesh (state average)",500,700,medium,"FAO Irrigation Water Management Training Manual No. 3, Table 14",false,2026-10-08,
UP-ghaziabad,sugarcane,kharif,355.6,358.2,366.5,2020-2021..2024-2025,DES APY via UPAG,40051,66424,2021-22,"DES Cost of Cultivation Scheme, Uttar Pradesh (state average)",1500,2500,high,"FAO Irrigation Water Management Training Manual No. 3, Table 14",false,2026-10-08,
UP-ghaziabad,wheat,rabi,15.3,17.0,17.6,2020-2021..2024-2025,DES APY via UPAG,19880,30736,2021-22,"DES Cost of Cultivation Scheme, Uttar Pradesh (state average)",450,650,medium,"FAO Irrigation Water Management Training Manual No. 3, Table 14",false,2026-10-08,
UP-hapur,barley,rabi,11.2,13.2,16.2,2020-2021..2024-2025,DES APY via UPAG,17662,28119,2021-22,"DES Cost of Cultivation Scheme, Uttar Pradesh (state average)",450,650,medium,"FAO Irrigation Water Management Training Manual No. 3, Table 14",false,2026-10-08,
UP-hapur,blackgram,kharif,3.5,4.9,5.3,2020-2021..2024-2025,DES APY via UPAG,7804,11193,2021-22,"DES Cost of Cultivation Scheme, Uttar Pradesh (state average)",,,,,false,2026-10-08,TODO: water need not sourced
UP-hapur,blackgram,zaid,2.9,3.1,3.7,2019-2020..2023-2024,DES APY via UPAG,7804,11193,2021-22,"DES Cost of Cultivation Scheme, Uttar Pradesh (state average)",,,,,false,2026-10-08,TODO: water need not sourced
UP-hapur,lentil,rabi,3.8,4.0,4.2,2018-2019..2022-2023,DES APY district series,10343,18181,2021-22,"DES Cost of Cultivation Scheme, Uttar Pradesh (state average)",,,,,false,2026-10-08,TODO: water need not sourced
UP-hapur,maize,kharif,8.0,9.1,9.9,2020-2021..2024-2025,DES APY via UPAG,16000,22012,2021-22,"DES Cost of Cultivation Scheme, Uttar Pradesh (state average)",500,800,medium,"FAO Irrigation Water Management Training Manual No. 3, Table 14",false,2026-10-08,
UP-hapur,maize,zaid,2.4,11.7,14.1,2020-2021..2024-2025,DES APY via UPAG,16000,22012,2021-22,"DES Cost of Cultivation Scheme, Uttar Pradesh (state average)",500,800,medium,"FAO Irrigation Water Management Training Manual No. 3, Table 14",false,2026-10-08,
UP-hapur,mungbean,zaid,2.9,3.8,4.7,2020-2021..2024-2025,DES APY via UPAG,11308,13767,2021-22,"DES Cost of Cultivation Scheme, Uttar Pradesh (state average)",,,,,false,2026-10-08,TODO: water need not sourced
UP-hapur,mustard,rabi,6.6,7.1,9.0,2020-2021..2024-2025,DES APY via UPAG,15591,26691,2021-22,"DES Cost of Cultivation Scheme, Uttar Pradesh (state average)",327,364,low,"MAUSAM (IMD) lysimeter study, consumptive use of mustard at 100% PET, CAZRI Jodhpur 1986-88",false,2026-10-08,
UP-hapur,paddy,kharif,9.7,10.2,11.2,2020-2021..2024-2025,DES APY via UPAG,22585,30213,2021-22,"DES Cost of Cultivation Scheme, Uttar Pradesh (state average)",450,700,high,"FAO Irrigation Water Management Training Manual No. 3, Table 14; section 4.4 (paddy also needs ~200 mm to saturate soil, ~100 mm water layer, 4-8 mm/day percolation)",false,2026-10-08,
UP-hapur,paddy,zaid,11.6,12.0,12.4,2019-2020..2024-2025,DES APY via UPAG,22585,30213,2021-22,"DES Cost of Cultivation Scheme, Uttar Pradesh (state average)",450,700,high,"FAO Irrigation Water Management Training Manual No. 3, Table 14; section 4.4 (paddy also needs ~200 mm to saturate soil, ~100 mm water layer, 4-8 mm/day percolation)",false,2026-10-08,
UP-hapur,pigeonpeas,kharif,2.9,3.6,5.1,2018-2019..2022-2023,DES APY district series,15765,28456,2021-22,"DES Cost of Cultivation Scheme, Uttar Pradesh (state average)",,,,,false,2026-10-08,TODO: water need not sourced
UP-hapur,potato,rabi,98.0,115.7,124.1,2018-2019..2022-2023,DES APY district series,50444,66613,2021-22,"DES Cost of Cultivation Scheme, Uttar Pradesh (state average)",500,700,medium,"FAO Irrigation Water Management Training Manual No. 3, Table 14",false,2026-10-08,
UP-hapur,sugarcane,kharif,333.9,342.7,348.2,2020-2021..2024-2025,DES APY via UPAG,40051,66424,2021-22,"DES Cost of Cultivation Scheme, Uttar Pradesh (state average)",1500,2500,high,"FAO Irrigation Water Management Training Manual No. 3, Table 14",false,2026-10-08,
UP-hapur,wheat,rabi,15.5,17.2,18.4,2020-2021..2024-2025,DES APY via UPAG,19880,30736,2021-22,"DES Cost of Cultivation Scheme, Uttar Pradesh (state average)",450,650,medium,"FAO Irrigation Water Management Training Manual No. 3, Table 14",false,2026-10-08,
