district_code,season,temperature_c,humidity_pct,rainfall_mm_per_month,years,source,as_of
UP-gautam-buddh-nagar,kharif,29.0,70.4,133.2,2015-2024,"Open-Meteo Historical Weather API (ERA5), CC BY 4.0",2026-10-08
UP-gautam-buddh-nagar,rabi,17.4,68.0,18.3,2015-2024,"Open-Meteo Historical Weather API (ERA5), CC BY 4.0",2026-10-08
UP-gautam-buddh-nagar,zaid,28.9,46.4,34.4,2015-2024,"Open-Meteo Historical Weather API (ERA5), CC BY 4.0",2026-10-08
UP-bulandshahr,kharif,28.8,71.5,137.4,2015-2024,"Open-Meteo Historical Weather API (ERA5), CC BY 4.0",2026-10-08
UP-bulandshahr,rabi,17.4,67.9,19.1,2015-2024,"Open-Meteo Historical Weather API (ERA5), CC BY 4.0",2026-10-08
UP-bulandshahr,zaid,28.8,46.6,34.5,2015-2024,"Open-Meteo Historical Weather API (ERA5), CC BY 4.0",2026-10-08
UP-ghaziabad,kharif,28.8,71.5,127.4,2015-2024,"Open-Meteo Historical Weather API (ERA5), CC BY 4.0",2026-10-08
UP-ghaziabad,rabi,17.1,69.1,19.2,2015-2024,"Open-Meteo Historical Weather API (ERA5), CC BY 4.0",2026-10-08
UP-ghaziabad,zaid,28.6,47.3,34.3,2015-2024,"Open-Meteo Historical Weather API (ERA5), CC BY 4.0",2026-10-08
UP-hapur,kharif,28.5,73.0,150.8,2015-2024,"Open-Meteo Historical Weather API (ERA5), CC BY 4.0",2026-10-08
UP-hapur,rabi,17.0,69.3,23.4,2015-2024,"Open-Meteo Historical Weather API (ERA5), CC BY 4.0",2026-10-08
UP-hapur,zaid,28.3,48.7,44.0,2015-2024,"Open-Meteo Historical Weather API (ERA5), CC BY 4.0",2026-10-08
UP-aligarh,kharif,29.0,70.9,129.4,2015-2024,"Open-Meteo Historical Weather API (ERA5), CC BY 4.0",2026-10-08
UP-aligarh,rabi,17.6,68.2,15.0,2015-2024,"Open-Meteo Historical Weather API (ERA5), CC BY 4.0",2026-10-08
UP-aligarh,zaid,29.1,46.1,31.4,2015-2024,"Open-Meteo Historical Weather API (ERA5), CC BY 4.0",2026-10-08
