code,state,name_en,name_hi,lat,lon,source,as_of
HR-ambala,HR,Ambala,अम्बाला,30.3255,76.9469,Wikidata Q2086226 (P625),2026-10-08
HR-bhiwani,HR,Bhiwani,भिवानी,28.7666,76.15,"Wikidata Q1852857 (P625), mean of 2 points",2026-10-08
HR-faridabad,HR,Faridabad,फरीदाबाद,28.4481,77.3441,"Wikidata Q2086173 (P625), mean of 2 points",2026-10-08
HR-fatehabad,HR,Fatehabad,फतेहाबाद,29.31,75.27,Wikidata Q2301753 (P625),2026-10-08
HR-gurugram,HR,Gurugram,गुड़गांव,28.25,77.1667,Wikidata Q1815766 (P625),2026-10-08
HR-hisar,HR,Hisar,हिसार,29.1667,75.75,Wikidata Q1815773 (P625),2026-10-08
HR-jhajjar,HR,Jhajjar,झज्जर,28.61,76.66,Wikidata Q1948260 (P625),2026-10-08
HR-jind,HR,Jind,जींद,29.31,76.32,Wikidata Q268605 (P625),2026-10-08
HR-kaithal,HR,Kaithal,कैथल,29.8,76.39,Wikidata Q614037 (P625),2026-10-08
HR-karnal,HR,Karnal,करनाल,29.6667,76.8333,Wikidata Q607915 (P625),2026-10-08
HR-kurukshetra,HR,Kurukshetra,कुरुक्षेत्र,29.985,76.8,"Wikidata Q980118 (P625), mean of 2 points",2026-10-08
HR-mahendragarh,HR,Mahendragarh,महेंद्रगढ़,28.1472,76.1375,"Wikidata Q684019 (P625), mean of 2 points",2026-10-08
HR-nuh,HR,Nuh,मेवात,28.0408,77.0233,"Wikidata Q2216696 (P625), mean of 2 points",2026-10-08
HR-palwal,HR,Palwal,पलवल-Palwal,28.0987,77.3242,"Wikidata Q2724926 (P625), mean of 2 points",2026-10-08
HR-panchkula,HR,Panchkula,पंचकुला,30.69,76.86,Wikidata Q1898143 (P625),2026-10-08
HR-panipat,HR,Panipat,पानीपत,29.3607,76.9472,"Wikidata Q2086163 (P625), mean of 2 points",2026-10-08
HR-rewari,HR,Rewari,रेवाड़ी,28.1961,76.6161,Wikidata Q2301759 (P625),2026-10-08
HR-rohtak,HR,Rohtak,रोहतक,28.89,76.58,Wikidata Q967388 (P625),2026-10-08
HR-sirsa,HR,Sirsa,सिरसा,29.54,75.03,Wikidata Q526101 (P625),2026-10-08
HR-sonipat,HR,Sonipat,सोनीपत,28.9833,77.0167,Wikidata Q2241746 (P625),2026-10-08
HR-yamunanagar,HR,Yamunanagar,यमुनानगर,30.12,77.28,Wikidata Q1873644 (P625),2026-10-08
UP-agra,UP,Agra,आगरा,27.0833,77.9667,Wikidata Q606343 (P625),2026-10-08
UP-aligarh,UP,Aligarh,अलीगढ़,27.8333,78.1667,Wikidata Q766918 (P625),2026-10-08
UP-ambedkar-nagar,UP,Ambedkar Nagar,आंबेडकर नगर,26.43,82.64,Wikidata Q456764 (P625),2026-10-08
UP-amethi,UP,Amethi,छत्रपति शाहूजी महाराज नगर,26.1689,81.7994,Wikidata Q1071494 (P625),2026-10-08
UP-amroha,UP,Amroha,अमरोहा,28.9,78.47,Wikidata Q1891677 (P625),2026-10-08
UP-auraiya,UP,Auraiya,औरैया,26.4667,79.5167,Wikidata Q1812533 (P625),2026-10-08
UP-ayodhya,UP,Ayodhya,अयोध्या,26.8,82.2,Wikidata Q1814132 (P625),2026-10-08
UP-azamgarh,UP,Azamgarh,आजमगढ़,26.06,83.1861,Wikidata Q793553 (P625),2026-10-08
UP-bagpat,UP,Bagpat,बागपत,28.94,77.22,Wikidata Q1797363 (P625),2026-10-08
UP-bahraich,UP,Bahraich,बहराइच,27.75,81.75,Wikidata Q1812548 (P625),2026-10-08
UP-ballia,UP,Ballia,बलिया,25.8307,84.1857,Wikidata Q584644 (P625),2026-10-08
UP-balrampur,UP,Balrampur,बलरामपुर,27.4333,82.1833,Wikidata Q1948380 (P625),2026-10-08
UP-banda,UP,Banda,बांदा,25.5,80.5,Wikidata Q2131759 (P625),2026-10-08
UP-barabanki,UP,Barabanki,बाराबांकी,26.9293,81.2637,"Wikidata Q633114 (P625), mean of 2 points",2026-10-08
UP-bareilly,UP,Bareilly,बरेली,28.4167,79.3833,Wikidata Q1797378 (P625),2026-10-08
UP-basti,UP,Basti,बस्ती,26.8282,82.7792,Wikidata Q715267 (P625),2026-10-08
UP-bhadohi,UP,Bhadohi,भदोही,25.349,82.4504,"Wikidata Q127533 (P625), mean of 2 points",2026-10-08
UP-bijnor,UP,Bijnor,बिजनौर,29.4167,78.5167,Wikidata Q1937865 (P625),2026-10-08
UP-budaun,UP,Budaun,बदायूँ,28.1167,78.9833,Wikidata Q1815262 (P625),2026-10-08
UP-bulandshahr,UP,Bulandshahr,बुलन्दशहर,28.4167,77.8333,Wikidata Q1752328 (P625),2026-10-08
UP-chandauli,UP,Chandauli,चन्दौली,25.2613,83.2641,Wikidata Q2733369 (P625),2026-10-08
UP-chitrakoot,UP,Chitrakoot,चित्रकूट,25.2136,80.9153,Wikidata Q2089141 (P625),2026-10-08
UP-deoria,UP,Deoria,देवरिया,26.51,83.78,Wikidata Q731746 (P625),2026-10-08
UP-etah,UP,Etah,एटा,27.5,78.75,Wikidata Q1773429 (P625),2026-10-08
UP-etawah,UP,Etawah,इटावा,26.79,79.02,Wikidata Q1815288 (P625),2026-10-08
UP-farrukhabad,UP,Farrukhabad,फ़र्रूख़ाबाद,27.5,79.5,Wikidata Q1897251 (P625),2026-10-08
UP-fatehpur,UP,Fatehpur,फतेहपुर,25.9333,80.8,Wikidata Q1946829 (P625),2026-10-08
UP-firozabad,UP,Firozabad,फ़िरोज़ाबाद,27.1518,78.4016,Wikidata Q1946950 (P625),2026-10-08
UP-gautam-buddh-nagar,UP,Gautam Buddh Nagar,गौतम बुद्ध नगर,28.5333,77.3891,Wikidata Q1785950 (P625),2026-10-08
UP-ghaziabad,UP,Ghaziabad,गाज़ियाबाद,28.6667,77.55,"Wikidata Q1773444 (P625), mean of 2 points",2026-10-08
UP-ghazipur,UP,Ghazipur,गाजीपुर,25.5832,83.5809,Wikidata Q1287993 (P625),2026-10-08
UP-gonda,UP,Gonda,गोंडा,27.25,82.0,Wikidata Q1937857 (P625),2026-10-08
UP-gorakhpur,UP,Gorakhpur,गोरखपुर,26.755,83.3739,Wikidata Q1144349 (P625),2026-10-08
UP-hamirpur,UP,Hamirpur,हमीरपुर,25.75,80.0,Wikidata Q2019757 (P625),2026-10-08
UP-hapur,UP,Hapur,हापुड़,28.7309,77.7757,Wikidata Q5653340 (P625),2026-10-08
UP-hardoi,UP,Hardoi,हरदोई,27.402,80.133,Wikidata Q1772822 (P625),2026-10-08
UP-hathras,UP,Hathras,हाथरस,27.5888,78.1058,"Wikidata Q1814892 (P625), mean of 2 points",2026-10-08
UP-jalaun,UP,Jalaun,जालौन,26.0,79.5,Wikidata Q2089115 (P625),2026-10-08
UP-jaunpur,UP,Jaunpur,जौनपुर,25.75,82.75,Wikidata Q1356060 (P625),2026-10-08
UP-jhansi,UP,Jhansi,झांसी,25.5,78.5,Wikidata Q1937885 (P625),2026-10-08
UP-kannauj,UP,Kannauj,कन्नौज,27.07,79.92,Wikidata Q627979 (P625),2026-10-08
UP-kanpur-dehat,UP,Kanpur Dehat,कानपुर देहात,26.3443,79.9672,Wikidata Q610612 (P625),2026-10-08
UP-kanpur-nagar,UP,Kanpur Nagar,कानपुर,26.46,80.33,Wikidata Q2089152 (P625),2026-10-08
UP-kasganj,UP,Kasganj,कासगंज,27.7986,78.7477,"Wikidata Q890800 (P625), mean of 2 points",2026-10-08
UP-kaushambi,UP,Kaushambi,कौशाम्बी,25.5307,81.3773,Wikidata Q1946937 (P625),2026-10-08
UP-kushinagar,UP,Kushinagar,कुशीनगर,26.9025,83.9819,Wikidata Q1840355 (P625),2026-10-08
UP-lakhimpur-kheri,UP,Lakhimpur Kheri,लखीमपुर खीरी,27.95,80.77,Wikidata Q1755447 (P625),2026-10-08
UP-lalitpur,UP,Lalitpur,ललितपुर,24.6902,78.416,Wikidata Q1947336 (P625),2026-10-08
UP-lucknow,UP,Lucknow,लखनऊ,26.75,81.0,Wikidata Q1773416 (P625),2026-10-08
UP-maharajganj,UP,Maharajganj,महाराजगंज,27.13,83.57,Wikidata Q1356139 (P625),2026-10-08
UP-mahoba,UP,Mahoba,महोबा,25.29,79.87,Wikidata Q1815322 (P625),2026-10-08
UP-mainpuri,UP,Mainpuri,मैनपुरी,27.1667,79.0,Wikidata Q1816657 (P625),2026-10-08
UP-mathura,UP,Mathura,मथुरा,27.49,77.67,Wikidata Q1773422 (P625),2026-10-08
UP-mau,UP,Mau,मऊ,25.9333,83.5667,Wikidata Q1518847 (P625),2026-10-08
UP-meerut,UP,Meerut,मेरठ,28.99,77.7,Wikidata Q1764627 (P625),2026-10-08
UP-midnapore,UP,Midnapore,गढ़वाल,30.25,79.3333,Wikidata Q4133982 (P625),2026-10-08
UP-mirzapur,UP,Mirzapur,मिर्ज़ापुर,25.1507,82.5648,Wikidata Q1143894 (P625),2026-10-08
UP-moradabad,UP,Moradabad,मुरादाबाद,28.84,78.76,Wikidata Q1345006 (P625),2026-10-08
UP-muzaffarnagar,UP,Muzaffarnagar,मुज़फ़्फ़र नगर,29.4711,77.7031,Wikidata Q2365710 (P625),2026-10-08
UP-pilibhit,UP,Pilibhit,पीलभीत,28.55,80.1,Wikidata Q2980705 (P625),2026-10-08
UP-pratapgarh,UP,Pratapgarh,प्रतापगढ़,25.8222,81.8444,"Wikidata Q1473962 (P625), mean of 2 points",2026-10-08
UP-prayagraj,UP,Prayagraj,प्रयागराज,25.45,81.85,Wikidata Q1773426 (P625),2026-10-08
UP-raebareli,UP,Raebareli,रायबरेली,26.24,81.245,"Wikidata Q1321157 (P625), mean of 2 points",2026-10-08
UP-rampur,UP,Rampur,रामपुर,28.9,79.01,"Wikidata Q1815331 (P625), mean of 2 points",2026-10-08
UP-saharanpur,UP,Saharanpur,सहारनपुर,29.9,77.6833,Wikidata Q1797326 (P625),2026-10-08
UP-sambhal,UP,Sambhal,संभल,28.58,78.55,Wikidata Q3000436 (P625),2026-10-08
UP-sant-kabir-nagar,UP,Sant Kabir Nagar,संत कबीर नगर,26.78,83.06,Wikidata Q1945445 (P625),2026-10-08
UP-shahjahanpur,UP,Shahjahanpur,शाहजहाँपुर,28.0,79.8333,Wikidata Q1812557 (P625),2026-10-08
UP-shamli,UP,Shamli,शामली,29.45,77.32,Wikidata Q2999938 (P625),2026-10-08
UP-shravasti,UP,Shravasti,श्रावस्ती,27.702,81.9348,Wikidata Q1945458 (P625),2026-10-08
UP-siddharthnagar,UP,Siddharthnagar,सिद्धार्थनगर,27.2792,83.0546,"Wikidata Q1815339 (P625), mean of 2 points",2026-10-08
UP-sitapur,UP,Sitapur,सीतापुर,27.5,80.9167,Wikidata Q1812539 (P625),2026-10-08
UP-sonbhadra,UP,Sonbhadra,सोनभद्र,24.6897,83.0653,Wikidata Q607798 (P625),2026-10-08
UP-sultanpur,UP,Sultanpur,सुल्तानपुर,26.25,82.0,Wikidata Q1356154 (P625),2026-10-08
UP-unnao,UP,Unnao,उन्नाव,26.55,80.48,Wikidata Q1937875 (P625),2026-10-08
UP-varanasi,UP,Varanasi,वाराणसी,25.3333,83.0,Wikidata Q1321140 (P625),2026-10-08
