market,aliases,district_code,lat,lon,coord_source,list_source,verified,as_of,notes
Ghaziabad,,UP-ghaziabad,28.6667,77.4167,"Wikidata Q207098 (P625), town point","Lok Sabha table of UP mandis, 1996 (eparlib 11_II_11091996_p160_p163_T259); confirm against Agmarknet market names",false,2026-10-08,
Muradnagar,,UP-ghaziabad,28.78,77.5,"Wikidata Q2450981 (P625), town point","Lok Sabha table of UP mandis, 1996 (eparlib 11_II_11091996_p160_p163_T259); confirm against Agmarknet market names",false,2026-10-08,
Hapur,,UP-hapur,28.73,77.7755,"Wikidata Q11139912 (P625), town point","Lok Sabha table of UP mandis, 1996 (eparlib 11_II_11091996_p160_p163_T259); confirm against Agmarknet market names",false,2026-10-08,
Dadri,,UP-gautam-buddh-nagar,28.57,77.55,"Wikidata Q1192802 (P625), town point","Lok Sabha table of UP mandis, 1996 (eparlib 11_II_11091996_p160_p163_T259); confirm against Agmarknet market names",false,2026-10-08,
Dankaur,,UP-gautam-buddh-nagar,28.35,77.55,"Wikidata Q1190816 (P625), town point","Lok Sabha table of UP mandis, 1996 (eparlib 11_II_11091996_p160_p163_T259); confirm against Agmarknet market names",false,2026-10-08,
Jewar,,UP-gautam-buddh-nagar,28.13,77.55,"Wikidata Q2281629 (P625), town point","Lok Sabha table of UP mandis, 1996 (eparlib 11_II_11091996_p160_p163_T259); confirm against Agmarknet market names",false,2026-10-08,
Bulandshahr,Bulandshahar,UP-bulandshahr,28.4069,77.8497,"Wikidata Q861248 (P625), town point","Lok Sabha table of UP mandis, 1996 (eparlib 11_II_11091996_p160_p163_T259); confirm against Agmarknet market names",false,2026-10-08,
Jahangirabad,,UP-bulandshahr,28.25,78.06,"Wikidata Q2016849 (P625), town point","Lok Sabha table of UP mandis, 1996 (eparlib 11_II_11091996_p160_p163_T259); confirm against Agmarknet market names",false,2026-10-08,
Gulaothi,,UP-bulandshahr,28.6,77.78,"Wikidata Q1707543 (P625), town point","Lok Sabha table of UP mandis, 1996 (eparlib 11_II_11091996_p160_p163_T259); confirm against Agmarknet market names",false,2026-10-08,
Siana,Siyana,UP-bulandshahr,28.6269,78.0607,"Wikidata Q2717318 (P625), town point","Lok Sabha table of UP mandis, 1996 (eparlib 11_II_11091996_p160_p163_T259); confirm against Agmarknet market names",false,2026-10-08,
Khurja,,UP-bulandshahr,28.25,77.85,"Wikidata Q2235607 (P625), town point","Lok Sabha table of UP mandis, 1996 (eparlib 11_II_11091996_p160_p163_T259); confirm against Agmarknet market names",false,2026-10-08,
Sikandrabad,,UP-bulandshahr,28.4495,77.6942,"Wikidata Q2717646 (P625), town point","Lok Sabha table of UP mandis, 1996 (eparlib 11_II_11091996_p160_p163_T259); confirm against Agmarknet market names",false,2026-10-08,
Dibai,,UP-bulandshahr,28.22,78.25,"Wikidata Q592554 (P625), town point","Lok Sabha table of UP mandis, 1996 (eparlib 11_II_11091996_p160_p163_T259); confirm against Agmarknet market names",false,2026-10-08,
Anupshahr,Anupshahar,UP-bulandshahr,28.37,78.27,"Wikidata Q585153 (P625), town point","Lok Sabha table of UP mandis, 1996 (eparlib 11_II_11091996_p160_p163_T259); confirm against Agmarknet market names",false,2026-10-08,
Shikarpur,,UP-bulandshahr,,,,"Lok Sabha table of UP mandis, 1996 (eparlib 11_II_11091996_p160_p163_T259); confirm against Agmarknet market names",false,2026-10-08,TODO: no Wikidata point for this town name; find the mandi yard's location
Aligarh,,UP-aligarh,27.88,78.08,"Wikidata Q201832 (P625), town point","Lok Sabha table of UP mandis, 1996 (eparlib 11_II_11091996_p160_p163_T259); confirm against Agmarknet market names",false,2026-10-08,
Khair,,UP-aligarh,27.95,77.83,"Wikidata Q2119936 (P625), town point","Lok Sabha table of UP mandis, 1996 (eparlib 11_II_11091996_p160_p163_T259); confirm against Agmarknet market names",false,2026-10-08,
Chharra,,UP-aligarh,,,,"Lok Sabha table of UP mandis, 1996 (eparlib 11_II_11091996_p160_p163_T259); confirm against Agmarknet market names",false,2026-10-08,TODO: no Wikidata point for this town name; find the mandi yard's location
Atrauli,,UP-aligarh,28.0297,78.2858,"Wikidata Q585063 (P625), town point","Lok Sabha table of UP mandis, 1996 (eparlib 11_II_11091996_p160_p163_T259); confirm against Agmarknet market names",false,2026-10-08,
